﻿<?xml version="1.0" encoding="utf-8" ?>
<Dictionary>
  <Words>
    <Unrecognized>
      <!--Word>cb</Word-->
    </Unrecognized>
    <Recognized>
      <Word>aaaa</Word>
      <Word>ack</Word>
      <Word>additionals</Word>
      <Word>afi</Word>
      <Word>afs</Word>
      <Word>api</Word>
      <Word>aris</Word>
      <Word>arp</Word>
      <Word>ascii</Word>
      <Word>asn</Word>
      <Word>autonet</Word>
      <Word>avb</Word>
      <Word>ax</Word>
      <Word>axfr</Word>
      <Word>bbn</Word> <!-- Probably BBN Technologies (originally Bolt, Beranek and Newman) -->
      <Word>calipso</Word>
      <Word>cbt</Word>
      <Word>ccitt</Word>
      <Word>cftp</Word> <!-- maybe Configurable Fault Tolerant Processor -->
      <Word>cpu</Word>
      <Word>codings</Word>
      <Word>datagrams</Word>
      <Word>datakit</Word>
      <Word>dce</Word>
      <Word>dcn</Word>
      <Word>docsis</Word>
      <Word>dii</Word>
      <Word>dss</Word>
      <Word>emcon</Word>
      <Word>endianity</Word>
      <Word>enqueueing</Word>
      <Word>eof</Word>
      <Word>expak</Word>
      <Word>fibre</Word>
      <Word>firefox</Word>
      <Word>fm</Word>
      <Word>genser</Word>
      <Word>gid</Word>
      <Word>gmtp</Word>
      <Word>gost</Word>
      <Word>gre</Word>
      <Word>gss</Word>
      <Word>gwid</Word>
      <Word>hiparp</Word>
      <Word>iclfxbm</Word>
      <Word>icmp</Word>
      <Word>ieee</Word>
      <Word>igmp</Word>
      <Word>infini</Word>
      <Word>internetwork</Word>
      <Word>internodal</Word>
      <Word>ip</Word>
      <Word>ipgp</Word>
      <Word>iplt</Word>
      <Word>ipsilon</Word> <!-- As in Ipsilon Networks -->
      <Word>ipx</Word>
      <Word>iso</Word>
      <Word>ixfr</Word>
      <Word>keygen</Word>
      <Word>kryptolan</Word>
      <Word>lat</Word>
      <Word>lan</Word>
      <Word>lite</Word>
      <Word>llq</Word>
      <Word>lossy</Word>
      <Word>md</Word>
      <Word>metricom</Word>
      <Word>multimegabit</Word>
      <Word>multiprotocol</Word>
      <Word>nca</Word>
      <Word>netmask</Word>
      <Word>nonces</Word>
      <Word>nsa</Word>
      <Word>osi</Word>
      <Word>pcap</Word>
      <Word>pgp</Word>
      <Word>pkix</Word>
      <Word>pnp</Word>
      <Word>prespecified</Word>
      <Word>proteon</Word>
      <Word>qnx</Word> <!-- www.qnx.com -->
      <Word>rcc</Word>
      <Word>rpcap</Word>
      <Word>satnet</Word>
      <Word>scsi</Word>
      <Word>sha</Word>
      <Word>sitara</Word>
      <Word>sll</Word>
      <Word>sna</Word>
      <Word>ssh</Word>
      <Word>tcf</Word>
      <Word>tcn</Word>
      <Word>ttl</Word>
      <Word>ttp</Word>
      <Word>twinaxial</Word>
      <Word>uid</Word>
      <Word>unicast</Word>
      <Word>uti</Word>
      <Word>veritas</Word>
      <Word>vpn</Word>
      <Word>wi</Word>
      <Word>wiegand</Word>
      <Word>wo</Word>
      <Word>xtp</Word>
      <Word>yx</Word> <!--Yet exists?-->
    </Recognized>
    <Deprecated>
      <!--Term PreferredAlternate="EnterpriseServices">complus</Term-->
    </Deprecated>
    <Compound>
      <Term CompoundAlternate="AddressOr">addressor</Term>
      <Term CompoundAlternate="OrIn">orin</Term>
      <Term CompoundAlternate="QIn">qin</Term>
    </Compound>
    <DiscreteExceptions>
      <!--Term>netmask</Term-->
    </DiscreteExceptions>
  </Words>
  <Acronyms>
    <CasingExceptions>
      <Acronym>Ip</Acronym>
      <Acronym>Iv</Acronym>
      <Acronym>Ms</Acronym>
      <Acronym>Nd</Acronym>
      <Acronym>Ns</Acronym>
      <Acronym>Os</Acronym>
      <Acronym>Sm</Acronym>
    </CasingExceptions>
  </Acronyms>
</Dictionary>